{"mean": 6.272019484427416, "std": 132.45940559927047, "var": 17545.494131712043, "dist": "uniform", "n": 0}