{"mean": 0.3186444056461237, "std": 134.35233019290504, "var": 18050.548628263383, "dist": "uniform", "n": 0}