{"mean": -0.7425024840471633, "std": 134.44547774311536, "var": 18075.586485574528, "dist": "uniform", "n": 0}