{"mean": 2.21408016687871, "std": 134.92087519557708, "var": 18203.64256354049, "dist": "uniform", "n": 0}