{"mean": 0.1801418638634846, "std": 9.9660734960939, "var": 99.3226209295453, "dist": "uniform", "n": 0}