{"mean": 1.776695389049782, "std": 135.99640711184568, "var": 18495.02274733087, "dist": "uniform", "n": 0}