{"mean": 3.4353500770310994, "std": 315.27626736428834, "var": 99399.12476315822, "dist": "uniform", "n": 0}