{"mean": 8.260975134214478, "std": 319.24043225800193, "var": 101914.45358827592, "dist": "uniform", "n": 0}