{"mean": 0.048965052205659505, "std": 137.6990843665422, "var": 18961.037835384104, "dist": "uniform", "n": 0}