{
  "model": 5,
  "odr_semiaxis": [
    [
      103.75203766172959,
      103.12786251578638
    ],
    [
      104.8173060468184,
      104.07106996185354
    ],
    [
      107.67056015198618,
      106.37332074977299
    ],
    [
      110.88449084929984,
      108.87099346064234
    ],
    [
      113.26685376197698,
      110.63703711822512
    ],
    [
      113.86463037908213,
      110.619468703388
    ],
    [
      115.24409684594191,
      111.79033324132611
    ],
    [
      114.84811924828865,
      110.99546001994324
    ],
    [
      115.39309041235296,
      111.19369101046505
    ],
    [
      115.50536206345929,
      111.22131041793746
    ],
    [
      117.07741295062638,
      112.56838743878404
    ],
    [
      117.9425407614546,
      113.40417276320403
    ],
    [
      117.71505366940966,
      112.9484122407201
    ],
    [
      118.98217039934102,
      114.01483842272262
    ],
    [
      120.28927820151544,
      115.05474282780148
    ],
    [
      120.50743584859762,
      115.22788717813197
    ],
    [
      121.17100333820635,
      115.86455421126706
    ],
    [
      122.25153188779181,
      116.90075377239229
    ],
    [
      123.08280035158121,
      117.82080305805994
    ],
    [
      122.97564946595621,
      117.59313665470893
    ],
    [
      122.89726416745059,
      117.24224968600114
    ],
    [
      123.78245459417951,
      118.0294110467416
    ],
    [
      124.5081071776724,
      118.54017967020718
    ],
    [
      125.10682399267853,
      119.04908789629307
    ],
    [
      125.6104394574773,
      119.78722893884239
    ],
    [
      126.61932523808883,
      120.6594417502155
    ],
    [
      127.08532336927819,
      121.10175815051846
    ],
    [
      126.5674649271538,
      120.49917908495704
    ],
    [
      127.22734338872849,
      121.12768766277698
    ],
    [
      127.59623701672052,
      121.50956503065152
    ],
    [
      127.78232896598702,
      121.67442065072915
    ],
    [
      127.72230490075181,
      121.54230941824893
    ],
    [
      127.60699301208274,
      121.45647638675048
    ],
    [
      128.18590505530088,
      121.9102336786816
    ],
    [
      128.3559570130149,
      122.13707201835825
    ],
    [
      129.20678745421552,
      122.85579145222856
    ],
    [
      128.74768196361333,
      122.32342795109696
    ],
    [
      129.7718159084701,
      123.35499579856165
    ],
    [
      129.95486599743936,
      123.50295135083151
    ],
    [
      130.59077997384307,
      124.13767777845273
    ],
    [
      130.52603751910868,
      124.16114186179774
    ],
    [
      130.16048270023134,
      123.61324451126154
    ],
    [
      130.82812096154356,
      124.38178744796826
    ],
    [
      131.25404419611155,
      124.86707391341716
    ],
    [
      131.50468040452242,
      125.28965186494248
    ],
    [
      131.88843175437162,
      125.6793081604474
    ],
    [
      132.23461148077786,
      125.99706740857808
    ],
    [
      132.37533280104623,
      126.08365828885944
    ],
    [
      132.73471267834415,
      126.55114762026514
    ],
    [
      132.89557245577242,
      126.77190978629325
    ],
    [
      133.84462453646455,
      127.80945436859416
    ],
    [
      133.74989030506634,
      127.59598788982503
    ],
    [
      134.2430923283678,
      128.12879876645556
    ],
    [
      134.14871119150197,
      128.0474745607049
    ],
    [
      133.38477053104086,
      127.34706080731871
    ],
    [
      133.69741558331503,
      127.74958595806042
    ],
    [
      134.2062175669,
      128.3699526761656
    ],
    [
      134.25903732900835,
      128.27873240148645
    ],
    [
      134.2017391034085,
      128.3562028355524
    ],
    [
      134.26441383303975,
      128.3428452983766
    ],
    [
      133.34120729351795,
      127.45806653998129
    ],
    [
      133.84286043799867,
      127.96791720959733
    ],
    [
      133.4354858571749,
      127.67752989258997
    ],
    [
      133.96607526536448,
      128.37123795859875
    ],
    [
      134.27690510850152,
      128.5599775171592
    ],
    [
      134.0700980374535,
      128.2413791456864
    ],
    [
      134.21170698775072,
      128.4450371293902
    ],
    [
      133.99911075442583,
      128.30589417698346
    ],
    [
      134.21757013219752,
      128.66659851264052
    ],
    [
      134.78978757239798,
      129.32984422590718
    ],
    [
      134.3241435560243,
      128.9448842140006
    ],
    [
      133.81465438272969,
      128.4389834451178
    ],
    [
      134.61919900276354,
      129.29830851117006
    ],
    [
      134.72249969333893,
      129.47031022627505
    ],
    [
      135.46145913674843,
      130.4386024881064
    ],
    [
      135.15081315284712,
      130.12520526861312
    ],
    [
      135.00082758386264,
      130.11148062795016
    ],
    [
      134.6835375595865,
      129.85706411299176
    ],
    [
      134.92666213939418,
      130.05238498634142
    ],
    [
      135.12337352961774,
      130.23351930801445
    ],
    [
      135.07729798817863,
      130.2483509953069
    ],
    [
      135.31898837445272,
      130.5366202350373
    ],
    [
      134.92710231846627,
      130.27945877410946
    ],
    [
      134.66054856624498,
      129.95607546601707
    ],
    [
      134.30758484009834,
      129.70815352048282
    ],
    [
      134.28507759777554,
      129.86629627806474
    ],
    [
      135.1394938329053,
      130.56345695779356
    ],
    [
      135.78986369020345,
      131.48041245021867
    ],
    [
      135.8456186402299,
      131.50062562310512
    ],
    [
      135.25620847365857,
      131.055167844398
    ],
    [
      135.36353805656375,
      131.19759465767604
    ],
    [
      135.5584331441635,
      131.53215441689196
    ],
    [
      136.0673910362155,
      132.18933037187531
    ],
    [
      136.25587301735263,
      132.42034070919513
    ],
    [
      135.6484812025396,
      131.83326411727617
    ],
    [
      136.17182525066235,
      132.41846091894158
    ],
    [
      136.26811383454705,
      132.68890111505212
    ],
    [
      136.56673236290587,
      132.97977300897736
    ],
    [
      136.64859208940416,
      132.91585666954427
    ],
    [
      136.1532926889118,
      132.50442041930856
    ],
    [
      136.6448293971042,
      133.05976634671686
    ],
    [
      137.1107269386257,
      133.69929898288012
    ],
    [
      137.37701806149573,
      134.1498818003312
    ],
    [
      137.24242969328301,
      134.1244997658529
    ],
    [
      137.38235420870907,
      134.2646899373041
    ],
    [
      137.9376239112497,
      134.99540903565205
    ],
    [
      137.94303344284012,
      135.16305676017757
    ],
    [
      137.82788985352713,
      135.1941813681174
    ],
    [
      137.86667286274314,
      135.40048725232924
    ],
    [
      138.19780057839853,
      135.79726499128813
    ],
    [
      138.1860078715021,
      135.94041884072612
    ],
    [
      138.0404242452249,
      135.88543830666694
    ],
    [
      137.5215310283366,
      135.51034801459463
    ],
    [
      137.5712377132514,
      135.68461442075957
    ],
    [
      137.81294671687766,
      136.10867753101624
    ],
    [
      138.01516024628998,
      136.4018550130447
    ],
    [
      137.4200517421052,
      136.02504190044274
    ],
    [
      138.04380602802783,
      136.7290645360053
    ],
    [
      137.93551877192485,
      136.7078997830519
    ],
    [
      137.98142623942326,
      136.9439207409766
    ],
    [
      137.98531452702176,
      136.94945994053734
    ],
    [
      137.71261884684333,
      136.83172799265174
    ],
    [
      137.64286595059048,
      136.909167285844
    ],
    [
      137.82213347505277,
      137.2570558750169
    ],
    [
      137.4941437491358,
      137.02703755311293
    ],
    [
