{
  "model": 6,
  "odr_semiaxis": [
    [
      100.62151080945148,
      99.7918065682927
    ],
    [
      102.57350666969619,
      101.42642804126261
    ],
    [
      103.84613070760274,
      102.50772078876463
    ],
    [
      104.40510536719361,
      102.96828180194574
    ],
    [
      104.38928191446946,
      102.9162506123771
    ],
    [
      104.51110352427415,
      102.782022928432
    ],
    [
      104.67427992792884,
      102.7821002011306
    ],
    [
      105.14612841216587,
      103.0889508390884
    ],
    [
      105.95051875266383,
      103.83718867534517
    ],
    [
      106.15691614845298,
      103.89275598496451
    ],
    [
      106.33016888278308,
      103.95760361594228
    ],
    [
      106.67997051734694,
      104.21175996915704
    ],
    [
      107.11856740163151,
      104.6182184002616
    ],
    [
      107.44484827511262,
      104.92634128346012
    ],
    [
      107.79109360163936,
      105.20959426823116
    ],
    [
      108.10256547726385,
      105.47653310485285
    ],
    [
      108.53988615232785,
      105.84492351907309
    ],
    [
      108.64577952865847,
      105.9281746817295
    ],
    [
      108.97713339900334,
      106.23864782839854
    ],
    [
      109.27933144468157,
      106.53856927342244
    ],
    [
      109.5062931412827,
      106.64336895772888
    ],
    [
      109.66643160497956,
      106.75230084306169
    ],
    [
      109.64431909685902,
      106.68308983720901
    ],
    [
      110.01565197561223,
      107.01357995923166
    ],
    [
      110.23288304976356,
      107.21473997804335
    ],
    [
      110.29653786056306,
      107.28592997261525
    ],
    [
      110.75949898490423,
      107.69661565601396
    ],
    [
      110.90273148041075,
      107.80935547713804
    ],
    [
      110.84825195634158,
      107.79665908474838
    ],
    [
      110.9897885218082,
      107.90480097604414
    ],
    [
      111.17871172944048,
      108.1551795135932
    ],
    [
      111.52999890260453,
      108.46595164734458
    ],
    [
      111.69599505540299,
      108.60739042195482
    ],
    [
      111.93877591403462,
      108.87665163432976
    ],
    [
      112.08467671351423,
      108.98680686154184
    ],
    [
      112.41015871307206,
      109.34119092244745
    ],
    [
      112.7212632414847,
      109.6706681393683
    ],
    [
      112.82210385812726,
      109.81071903129664
    ],
    [
      113.04179087708783,
      109.9847833912373
    ],
    [
      113.5646706561987,
      110.55387975317363
    ],
    [
      113.86384063884726,
      110.8098173437357
    ],
    [
      114.19399751084603,
      111.13118288367261
    ],
    [
      114.30851447889576,
      111.24021973429396
    ],
    [
      114.60326286922373,
      111.5640329306426
    ],
    [
      114.71941935930798,
      111.67714921049173
    ],
    [
      114.73216453480207,
      111.6541188672425
    ],
    [
      114.87501961288889,
      111.80639464271957
    ],
    [
      115.08332727498869,
      112.03144040663271
    ],
    [
      115.57445572462309,
      112.50591176166272
    ],
    [
      115.76298827891137,
      112.73596835359506
    ],
    [
      115.98193286438517,
      112.9314922786621
    ],
    [
      116.0651543439098,
      113.0046112702348
    ],
    [
      116.02983458301458,
      112.94994374302144
    ],
    [
      116.19007859277386,
      113.15529507244094
    ],
    [
      116.42729183399133,
      113.35590234115453
    ],
    [
      116.55889930997242,
      113.54585795222265
    ],
    [
      116.64065925527638,
      113.61206452879944
    ],
    [
      116.75798519064094,
      113.76080750203913
    ],
    [
      116.99627787538836,
      113.99062447191903
    ],
    [
      117.02386243481419,
      114.04602845437886
    ],
    [
      117.10710647758543,
      114.09767773767976
    ],
    [
      117.15624416436417,
      114.17634971087938
    ],
    [
      117.26008519768806,
      114.27589141604003
    ],
    [
      117.31899502002766,
      114.33000055338213
    ],
    [
      117.35244873962637,
      114.33129030680028
    ],
    [
      117.40053057467041,
      114.36283123227564
    ],
    [
      117.49920164906139,
      114.46759053408593
    ],
    [
      117.70193555221232,
      114.71180344588929
    ],
    [
      117.64689886747247,
      114.67512208196275
    ],
    [
      117.5752132519498,
      114.64808441979639
    ],
    [
      117.68049546924723,
      114.72047156020226
    ],
    [
      117.61751965052261,
      114.70563203230307
    ],
    [
      117.51426081509213,
      114.60192202079153
    ],
    [
      117.61254992805702,
      114.77804440722274
    ],
    [
      117.57420628402575,
      114.8146978006783
    ],
    [
      117.57327686634109,
      114.87301955078729
    ],
    [
      117.77649816311954,
      115.09717060242397
    ],
    [
      118.26060730224786,
      115.63523304633007
    ],
    [
      118.23364645189828,
      115.6220473629982
    ],
    [
      118.40336682268483,
      115.75965707122513
    ],
    [
      118.71436262906707,
      116.07951390966548
    ],
    [
      118.91172695657417,
      116.2562356821995
    ],
    [
      119.09284869785574,
      116.49264242075593
    ],
    [
      119.20925081669017,
      116.62381987480792
    ],
    [
      119.38064078840745,
      116.79916812792864
    ],
    [
      119.5036395385299,
      116.91695263813376
    ],
    [
      119.38346016222698,
      116.75206034171272
    ],
    [
      119.66972761271545,
      117.05264152264515
    ],
    [
      119.85658434556657,
      117.26918211604061
    ],
    [
      119.96523863213254,
      117.41220442514386
    ],
    [
      120.00268008358317,
      117.50348765748707
    ],
    [
      120.14944594346022,
      117.708013820713
    ],
    [
      120.17528784161796,
      117.73469385856626
    ],
    [
      120.24388529784662,
      117.8006206809836
    ],
    [
      120.50107034489305,
      118.12450825651663
    ],
    [
      120.52116997968828,
      118.16366516657963
    ],
    [
      120.54754552583485,
      118.24037471954831
    ],
    [
      120.76232388041622,
      118.44736748167647
    ],
    [
      121.0177408578271,
      118.71780814859649
    ],
    [
      121.16982877525516,
      118.8489506790268
    ],
    [
      121.32154287137409,
      119.10854619672011
    ],
    [
      121.59069598800451,
      119.46026429463221
    ],
    [
      121.6747137836822,
      119.58533428037381
    ],
    [
      121.68519335032657,
      119.63338062512379
    ],
    [
      121.64646146326884,
      119.6551767512959
    ],
    [
      121.72443063897335,
      119.77909618736142
    ],
    [
      121.859037181884,
      120.01504864478072
    ],
    [
      121.86312739787175,
      120.04626466406351
    ],
    [
      122.03686963206097,
      120.24948934208182
    ],
    [
      122.18942999690127,
      120.41633858730565
    ],
    [
      122.20358674342957,
      120.5059162969084
    ],
    [
      122.32154431446662,
      120.66630850791736
    ],
    [
      122.56892961746648,
      120.92548077497287
    ],
    [
      122.7644104024638,
      121.15203954677325
    ],
    [
      122.6708908494831,
      121.06052501039242
    ],
    [
      122.7107408960307,
      121.11792649197692
    ],
    [
      122.71797475693893,
      121.12114663768406
    ],
    [
      122.66375321999291,
      121.14412367163254
    ],
    [
      122.78888769322678,
      121.2699452361231
    ],
    [
      122.96364164898155,
      121.49079348863779
    ],
    [
      123.13543393898549,
      121.73679604152098
    ],
    [
      123.27265880621714,
      121.91372684954334
    ],
    [
      123.32502449968283,
      122.02553161747375
    ],
    [
      123.46253386676213,
      122.20574610961249
    ],
    [
      123.62132597663707,
      122.39992466419609
    ],
